chr,pos,ref,alt,clnsig,etiqueta,cadd_phred,REVEL,af
17,43045685,T,A,Benign/Likely_benign,0,10.58,0.553,6.5710793654965765e-06
17,43045691,T,G,Benign,0,6.125,0.581,0.0005676674687508988
17,43045694,G,C,Benign,0,21.2,0.509,1.9718161741508045e-05
17,43045698,T,G,Benign,0,8.333,0.548,1.9704433497536946e-05
17,43045704,G,A,Likely_benign,0,12.37,0.433,4.789272030651341e-06
17,43045709,A,G,Likely_pathogenic,1,26.1,0.731,0.0
17,43045712,T,C,Pathogenic/Likely_pathogenic,1,27.0,0.836,6.841583142339137e-07
17,43045712,T,G,Likely_pathogenic,1,26.5,0.841,0.0
17,43045713,A,G,Likely_pathogenic,1,26.4,0.782,0.0
17,43045713,A,T,Likely_pathogenic,1,26.5,0.835,0.0
17,43045725,C,T,Likely_benign,0,22.3,0.59,0.0
17,43045727,T,C,Likely_benign,0,19.15,0.612,0.0
17,43045730,C,G,Likely_benign,0,20.3,0.661,0.0
17,43045732,C,A,Likely_benign,0,18.62,0.645,0.0
17,43045733,T,C,Likely_benign,0,18.73,0.572,0.0
17,43045739,A,C,Benign,0,22.4,0.692,0.0
17,43045743,C,G,Likely_pathogenic,1,22.9,0.704,0.0
17,43045746,C,G,Likely_benign,0,16.54,0.354,0.0
17,43045747,A,C,Pathogenic,1,17.99,0.736,0.0
17,43045748,C,A,Likely_pathogenic,1,26.8,0.761,0.0
17,43045749,T,G,Likely_pathogenic,1,26.5,0.826,0.0
17,43045754,A,G,Pathogenic,1,26.5,0.732,0.0
17,43045757,A,C,Likely_pathogenic,1,28.4,0.795,0.0
17,43045757,A,T,Pathogenic,1,28.0,0.784,0.0
17,43045759,C,A,Pathogenic/Likely_pathogenic,1,27.6,0.862,0.0
17,43045759,C,G,Pathogenic/Likely_pathogenic,1,27.7,0.862,0.0
17,43045761,A,C,Pathogenic,1,29.1,0.888,0.0
17,43045761,A,G,Pathogenic,1,27.7,0.9,0.0
17,43045761,A,T,Pathogenic/Likely_pathogenic,1,27.5,0.9,0.0
17,43045772,A,C,Likely_pathogenic,1,26.7,0.852,0.0
17,43045773,C,T,Pathogenic/Likely_pathogenic,1,25.5,0.75,0.0
17,43045778,G,A,Likely_benign,0,16.53,0.568,0.0
17,43045779,G,A,Likely_benign,0,16.0,0.517,0.0
17,43045782,C,A,Likely_pathogenic,1,19.82,0.497,0.0
17,43045791,T,A,Benign,0,8.13,0.287,0.0
17,43045791,T,A,Benign,0,8.13,0.454,0.0
17,43045792,C,G,Benign,0,20.6,0.252,0.0
17,43045792,C,G,Benign,0,20.6,0.55,0.0
17,43045792,C,T,Likely_benign,0,7.628,0.181,0.0
17,43045794,G,A,Pathogenic,1,38.0,0.385,0.0
17,43045794,G,C,Likely_benign,0,20.3,0.341,0.0
17,43045794,G,C,Likely_benign,0,20.3,0.51,0.0
17,43045795,C,A,Likely_benign,0,3.854,0.185,0.0
17,43045795,C,T,Likely_benign,0,4.684,0.184,0.0
17,43045797,C,G,Likely_benign,0,18.55,0.523,0.0
17,43045797,C,G,Likely_benign,0,18.55,0.152,0.0
17,43045798,A,G,Likely_benign,0,5.943,0.183,0.0
17,43045798,A,T,Likely_benign,0,11.07,0.183,0.0
17,43045799,A,T,Likely_benign,0,23.5,0.555,0.0
17,43045799,A,T,Likely_benign,0,23.5,0.203,0.0
17,43045801,T,C,Likely_benign,0,2.471,0.292,0.0
17,43045801,T,G,Likely_benign,0,2.357,0.243,0.0
17,43047643,C,A,Pathogenic,1,24.3,0.399,0.0
17,43047643,C,A,Pathogenic,1,24.3,0.128,0.0
17,43047643,C,G,Likely_pathogenic,1,28.8,0.497,0.0
17,43047643,C,G,Likely_pathogenic,1,28.8,0.133,0.0
17,43047643,C,T,Pathogenic/Likely_pathogenic,1,24.6,0.485,0.0
17,43047643,C,T,Pathogenic/Likely_pathogenic,1,24.6,0.139,0.0
17,43047644,A,G,Likely_benign,0,0.457,0.205,6.840469310918484e-07
17,43047647,G,A,Likely_benign,0,5.253,0.213,0.0
17,43047650,G,A,Likely_benign,0,8.009,0.442,0.0
17,43047650,G,C,Likely_benign,0,7.944,0.384,0.0
17,43047653,A,G,Likely_benign,0,4.225,0.211,6.840478669335365e-07
17,43047654,T,C,Benign/Likely_benign,0,0.059,0.421,1.3141813307400155e-05
17,43047657,T,C,Pathogenic/Likely_pathogenic,1,21.9,0.623,0.0
17,43047658,C,T,Likely_benign,0,18.47,0.347,0.0
17,43047658,C,T,Likely_benign,0,18.47,0.311,0.0
17,43047659,C,T,Likely_benign,0,6.759,0.231,0.0
17,43047661,C,A,Pathogenic,1,41.0,0.59,0.0
17,43047662,T,C,Likely_benign,0,8.739,0.244,0.0
17,43047663,G,C,Likely_benign,0,21.5,0.49,0.0
17,43047663,G,C,Likely_benign,0,21.5,0.555,0.0
17,43047664,T,C,Likely_benign,0,16.28,0.215,0.0
17,43047664,T,C,Likely_benign,0,16.28,0.432,0.0
17,43047665,C,T,Pathogenic,1,40.0,0.586,0.0
17,43047670,C,T,Likely_benign,0,21.7,0.618,0.0
17,43047670,C,T,Likely_benign,0,21.7,0.445,0.0
17,43047671,A,G,Likely_benign,0,1.555,0.29,0.0
17,43047671,A,T,Likely_benign,0,0.991,0.355,0.0
17,43047671,A,T,Likely_benign,0,0.991,0.674,0.0
17,43047674,T,C,Likely_benign,0,1.651,0.254,0.0
17,43047676,G,C,Pathogenic/Likely_pathogenic,1,21.9,0.43,0.0
17,43047676,G,C,Pathogenic/Likely_pathogenic,1,21.9,0.639,0.0
17,43047678,T,C,Pathogenic/Likely_pathogenic,1,24.3,0.709,0.0
17,43047678,T,G,Likely_pathogenic,1,25.0,0.714,0.0
17,43047679,G,A,Pathogenic,1,39.0,0.39,0.0
17,43047680,C,G,Likely_benign,0,5.423,0.295,0.0
17,43047680,C,T,Likely_benign,0,6.385,0.122,0.0
17,43047683,A,T,Likely_benign,0,0.289,0.181,0.0
17,43047684,A,T,Likely_pathogenic,1,24.9,0.775,0.0
17,43047685,C,A,Likely_pathogenic,1,22.5,0.398,0.0
17,43047685,C,A,Likely_pathogenic,1,22.5,0.754,0.0
17,43047686,C,G,Likely_benign,0,6.234,0.434,0.0
17,43047692,T,G,Likely_benign,0,1.878,0.068,0.0
17,43047695,G,A,Likely_benign,0,0.259,0.064,0.0
17,43047697,G,A,Likely_benign,0,14.9,0.458,0.0
17,43047697,G,A,Likely_benign,0,14.9,0.13,0.0
17,43047698,G,A,Likely_benign,0,0.935,0.128,0.0
17,43047699,A,T,Benign,0,15.08,0.445,0.0
17,43047701,A,G,Benign/Likely_benign,0,1.126,0.119,0.0
17,43047702,C,G,Pathogenic/Likely_pathogenic,1,1.286,0.519,0.0
17,43049129,G,T,Likely_benign,0,7.505,0.44,0.0
17,43049135,A,T,Likely_benign,0,20.8,0.498,0.0
17,43049143,A,C,Likely_benign,0,19.53,0.584,0.0
17,43049161,G,A,Likely_pathogenic,1,25.2,0.753,0.0
17,43049161,G,T,Likely_pathogenic,1,25.4,0.805,0.0
17,43049162,C,T,Likely_pathogenic,1,24.8,0.793,0.0
17,43049164,C,A,Pathogenic,1,24.4,0.856,0.0
17,43049164,C,G,Likely_pathogenic,1,23.9,0.866,0.0
17,43049165,C,A,Likely_pathogenic,1,28.6,0.868,0.0
17,43049165,C,T,Likely_pathogenic,1,27.1,0.864,0.0
17,43049167,C,T,Likely_pathogenic,1,24.5,0.789,0.0
17,43049170,A,G,Pathogenic,1,24.5,0.731,0.0
17,43049176,A,T,Likely_pathogenic,1,26.0,0.63,0.0
17,43049180,T,A,Benign,0,20.5,0.457,0.0
17,43049188,A,C,Likely_pathogenic,1,23.6,0.674,0.0
17,43049188,A,G,Pathogenic/Likely_pathogenic,1,23.4,0.666,0.0
17,43049188,A,T,Likely_pathogenic,1,27.6,0.672,0.0
17,43049190,T,G,Likely_benign,0,2.545,0.534,0.0
17,43051063,C,T,Pathogenic,1,33.0,0.579,0.0
17,43051063,C,T,Pathogenic,1,33.0,0.433,0.0
17,43051071,A,C,Pathogenic,1,23.5,0.728,0.0
17,43051071,A,T,Pathogenic,1,23.4,0.734,0.0
17,43051072,T,C,Likely_pathogenic,1,22.4,0.669,0.0
17,43051086,C,A,Pathogenic,1,22.0,0.835,1.3681481430809329e-06
17,43051098,A,C,Pathogenic,1,27.3,0.771,0.0
17,43051098,A,G,Likely_pathogenic,1,26.0,0.734,0.0
17,43051098,A,T,Pathogenic/Likely_pathogenic,1,27.8,0.718,0.0
17,43051104,A,G,Pathogenic,1,27.2,0.676,0.0
17,43051113,A,C,Likely_pathogenic,1,27.5,0.846,0.0
17,43051113,A,G,Pathogenic,1,25.2,0.872,0.0
17,43057058,G,C,Likely_benign,0,13.8,0.427,0.0
17,43057060,C,A,Likely_benign,0,20.2,0.576,0.0
17,43057070,T,A,Likely_pathogenic,1,23.3,0.709,0.0
17,43057070,T,G,Pathogenic,1,23.3,0.709,0.0
17,43057071,C,A,Likely_pathogenic,1,28.2,0.768,0.0
17,43057072,T,C,Likely_pathogenic,1,23.5,0.831,0.0
17,43057074,G,T,Pathogenic,1,24.1,0.676,0.0
17,43057075,C,G,Pathogenic/Likely_pathogenic,1,21.7,0.687,0.0
17,43057077,C,G,Likely_pathogenic,1,23.7,0.719,0.0
17,43057077,C,T,Benign,0,24.2,0.683,2.629399313726779e-05
17,43057078,G,C,Likely_pathogenic,1,21.9,0.714,0.0
17,43057083,G,C,Pathogenic,1,24.0,0.816,0.0
17,43057084,G,T,Likely_benign,0,24.4,0.757,0.0
17,43057086,C,T,Pathogenic/Likely_pathogenic,1,24.0,0.732,0.0
17,43057087,C,A,Likely_pathogenic,1,25.9,0.738,6.840731356270762e-07
17,43057087,C,G,Likely_pathogenic,1,23.6,0.703,0.0
17,43057093,G,C,Likely_pathogenic,1,26.2,0.812,0.0
17,43057101,C,T,Likely_pathogenic,1,24.6,0.773,0.0
17,43057112,A,C,Likely_pathogenic,1,19.26,0.705,0.0
17,43057113,T,A,Pathogenic/Likely_pathogenic,1,24.1,0.846,0.0
17,43057113,T,C,Pathogenic/Likely_pathogenic,1,24.6,0.778,0.0
17,43057114,C,A,Pathogenic/Likely_pathogenic,1,25.0,0.771,0.0
17,43057114,C,G,Likely_pathogenic,1,24.8,0.723,0.0
17,43057116,C,A,Pathogenic,1,25.4,0.758,0.0
17,43057116,C,T,Pathogenic/Likely_pathogenic,1,24.2,0.747,0.0
17,43057117,C,G,Pathogenic,1,25.0,0.762,0.0
17,43057117,C,T,Pathogenic,1,25.1,0.762,0.0
17,43057120,T,C,Likely_benign,0,23.0,0.701,0.0
17,43057122,A,C,Pathogenic/Likely_pathogenic,1,27.3,0.858,0.0
17,43057122,A,G,Pathogenic,1,26.2,0.827,0.0
17,43057123,C,A,Likely_pathogenic,1,26.9,0.794,0.0
17,43057127,A,C,Likely_pathogenic,1,23.1,0.825,0.0
17,43057128,A,G,Pathogenic,1,28.1,0.893,0.0
17,43057129,A,T,Likely_pathogenic,1,24.7,0.871,0.0
17,43057131,T,C,Benign,0,23.1,0.759,0.0
17,43057135,G,C,Likely_benign,0,17.03,0.625,0.0
17,43063336,A,C,Likely_benign,0,19.56,0.515,0.0
17,43063358,A,G,Likely_benign,0,25.1,0.649,0.0
17,43063362,A,G,Likely_pathogenic,1,25.6,0.872,0.0
17,43063363,C,A,Likely_benign,0,23.3,0.6,0.0
17,43063368,T,C,Benign,0,21.0,0.445,0.0
17,43063370,A,C,Likely_pathogenic,1,25.5,0.867,0.0
17,43063372,C,A,Pathogenic/Likely_pathogenic,1,33.0,0.937,0.0
17,43063372,C,G,Pathogenic,1,33.0,0.937,0.0
17,43063373,C,T,Pathogenic,1,50.0,0.064,0.0
17,43063874,A,C,Likely_pathogenic,1,26.6,0.905,0.0
17,43063881,G,C,Pathogenic/Likely_pathogenic,1,23.2,0.688,0.0
17,43063881,G,T,Likely_pathogenic,1,22.8,0.678,0.0
17,43063882,C,T,Pathogenic,1,23.7,0.299,0.0
17,43063883,T,A,Likely_pathogenic,1,26.1,0.773,0.0
17,43063883,T,G,Pathogenic,1,24.0,0.745,0.0
17,43063885,A,C,Pathogenic/Likely_pathogenic,1,34.0,0.856,0.0
17,43063886,C,A,Likely_pathogenic,1,24.8,0.812,0.0
17,43063888,A,C,Pathogenic,1,25.2,0.756,0.0
17,43063888,A,G,Likely_pathogenic,1,26.7,0.72,0.0
17,43063889,C,A,Likely_pathogenic,1,23.2,0.564,0.0
17,43063892,A,C,Likely_pathogenic,1,29.7,0.888,0.0
17,43063893,T,G,Likely_benign,0,23.1,0.444,0.0
17,43063895,T,C,Likely_pathogenic,1,23.4,0.647,0.0
17,43063903,G,T,Pathogenic,1,25.5,0.831,0.0
17,43063909,C,A,Likely_pathogenic,1,25.3,0.876,0.0
17,43063909,C,G,Benign,0,24.1,0.518,0.0
17,43063909,C,T,Pathogenic,1,25.2,0.863,0.0
17,43063910,C,G,Pathogenic/Likely_pathogenic,1,26.4,0.884,0.0
17,43063910,C,T,Pathogenic/Likely_pathogenic,1,25.6,0.884,0.0
17,43063912,A,G,Pathogenic/Likely_pathogenic,1,24.3,0.787,0.0
17,43063918,T,C,Likely_pathogenic,1,27.0,0.849,0.0
17,43063919,A,C,Likely_pathogenic,1,28.4,0.882,0.0
17,43063920,T,A,Likely_pathogenic,1,21.2,0.672,0.0
17,43063922,T,G,Likely_pathogenic,1,26.0,0.846,0.0
17,43063928,T,C,Likely_pathogenic,1,24.0,0.837,0.0
17,43063930,C,A,Likely_pathogenic,1,28.8,0.843,0.0
17,43063930,C,T,Pathogenic,1,29.2,0.785,0.0
17,43063931,G,A,Pathogenic,1,33.0,0.817,0.0
17,43063936,C,A,Likely_pathogenic,1,27.1,0.913,0.0
17,43063936,C,T,Likely_pathogenic,1,25.2,0.935,0.0
17,43063937,A,G,Pathogenic,1,24.5,0.914,0.0
17,43063943,A,C,Pathogenic,1,19.07,0.661,0.0
17,43063951,T,A,Likely_pathogenic,1,24.8,0.83,0.0
17,43067608,C,A,Pathogenic,1,33.0,0.852,0.0
17,43067608,C,G,Pathogenic,1,34.0,0.815,0.0
17,43067608,C,T,Pathogenic/Likely_pathogenic,1,32.0,0.463,0.0
17,43067610,G,A,Pathogenic/Likely_pathogenic,1,31.0,0.728,0.0
17,43067610,G,C,Likely_pathogenic,1,24.7,0.838,0.0
17,43067610,G,T,Pathogenic/Likely_pathogenic,1,25.1,0.816,0.0
17,43067616,A,C,Pathogenic/Likely_pathogenic,1,23.7,0.746,0.0
17,43067616,A,T,Likely_pathogenic,1,23.6,0.756,0.0
17,43067620,C,A,Likely_pathogenic,1,20.1,0.817,0.0
17,43067622,A,C,Likely_pathogenic,1,26.6,0.869,6.851013744503774e-07
17,43067623,C,T,Likely_benign,0,20.6,0.597,0.0
17,43067624,A,T,Pathogenic/Likely_pathogenic,1,17.74,0.864,0.0
17,43067625,T,C,Pathogenic/Likely_pathogenic,1,23.4,0.905,1.3699831218079393e-06
17,43067626,G,A,Likely_pathogenic,1,24.5,0.846,0.0
17,43067626,G,C,Likely_pathogenic,1,27.2,0.897,0.0
17,43067628,G,A,Pathogenic,1,24.5,0.88,0.0
17,43067629,T,C,Pathogenic,1,23.5,0.882,0.0
17,43067632,T,C,Likely_benign,0,24.2,0.763,0.0
17,43067637,T,A,Likely_pathogenic,1,23.0,0.766,0.0
17,43067638,C,T,Benign,0,22.9,0.619,0.0
17,43067641,T,C,Likely_benign,0,21.0,0.568,0.0
17,43067652,G,C,Likely_benign,0,9.413,0.451,0.0
17,43067652,G,T,Likely_benign,0,15.65,0.455,0.0
17,43067658,G,A,Benign,0,11.9,0.475,0.0
17,43067662,T,C,Likely_benign,0,5.338,0.481,0.0
17,43067665,G,A,Likely_benign,0,15.36,0.532,0.0
17,43067665,G,C,Likely_benign,0,18.32,0.499,0.0
17,43067680,A,C,Likely_benign,0,23.3,0.709,0.0
17,43067682,T,G,Likely_benign,0,23.1,0.775,0.0
17,43067686,A,T,Likely_benign,0,21.3,0.434,0.0
17,43067688,A,C,Likely_benign,0,18.73,0.769,0.0
17,43067691,A,G,Benign,0,17.44,0.569,0.0
17,43067694,A,C,Likely_pathogenic,1,15.46,0.68,0.0
17,43070929,A,G,Benign,0,14.62,0.521,0.0
17,43070950,G,A,Pathogenic/Likely_pathogenic,1,27.2,0.818,0.0
17,43070951,A,G,Likely_pathogenic,1,23.9,0.847,0.0
17,43070956,A,G,Likely_benign,0,23.3,0.807,0.0
17,43070956,A,T,Likely_pathogenic,1,24.0,0.856,0.0
17,43070958,C,T,Benign,0,18.21,0.426,0.0
17,43070959,A,G,Benign,0,22.9,0.705,0.0
17,43070971,T,C,Likely_benign,0,0.417,0.566,0.0
17,43070971,T,G,Likely_benign,0,5.371,0.58,0.0
17,43070973,G,C,Benign,0,5.184,0.416,0.0
17,43070975,T,C,Benign,0,11.72,0.399,0.0
17,43070977,A,T,Likely_benign,0,1.296,0.581,0.0
17,43070978,C,A,Likely_benign,0,12.78,0.574,0.0
17,43070978,C,T,Likely_benign,0,4.946,0.553,0.0
17,43070984,C,G,Likely_benign,0,8.974,0.63,0.0
17,43070987,T,A,Likely_benign,0,0.654,0.562,0.0
17,43070989,G,A,Likely_benign,0,21.4,0.502,0.0
17,43070993,C,A,Likely_benign,0,0.941,0.497,0.0
17,43070993,C,T,Likely_benign,0,7.682,0.547,0.0
17,43070996,T,C,Likely_benign,0,0.022,0.534,0.0
17,43070997,C,G,Likely_benign,0,0.641,0.589,0.0
17,43071001,T,A,Benign,0,16.46,0.535,0.0
17,43071004,G,A,Benign,0,17.35,0.571,0.0
17,43071006,C,A,Likely_benign,0,2.991,0.403,0.0
17,43071017,T,C,Likely_benign,0,14.82,0.421,0.0
17,43071023,T,G,Likely_benign,0,12.29,0.512,0.0
17,43071031,A,G,Benign,0,0.056,0.489,0.0
17,43071046,G,C,Pathogenic/Likely_pathogenic,1,19.33,0.55,0.0
17,43071074,G,A,Benign,0,1.947,0.544,0.0
17,43071077,T,A,Benign/Likely_benign,0,16.31,0.505,0.0
17,43071077,T,C,Benign,0,6.903,0.252,0.0
17,43071083,C,T,Likely_benign,0,0.811,0.603,0.0
17,43071098,T,C,Benign,0,16.37,0.464,0.0
17,43071099,C,G,Likely_benign,0,0.502,0.515,0.0
17,43071110,C,G,Likely_benign,0,0.039,0.522,0.0
17,43071137,T,A,Likely_benign,0,0.053,0.552,0.0
17,43071148,C,T,Benign/Likely_benign,0,0.068,0.539,0.0
17,43071164,C,A,Likely_benign,0,6.98,0.519,0.0
17,43071185,A,G,Benign/Likely_benign,0,13.71,0.559,0.0
17,43071223,A,G,Benign,0,17.0,0.554,0.0
17,43071232,G,A,Benign/Likely_benign,0,17.45,0.645,0.0
17,43074331,C,G,Pathogenic/Likely_pathogenic,1,34.0,0.697,0.0
17,43074331,C,T,Pathogenic,1,35.0,0.765,0.0
17,43074370,C,A,Benign,0,11.76,0.588,6.571683928289785e-06
17,43074370,C,T,Benign,0,0.69,0.285,0.00010506546892032097
17,43074378,C,T,Likely_benign,0,0.291,0.535,0.0
17,43074406,C,T,Benign,0,0.674,0.585,0.0013393032996756786
17,43074450,T,C,Likely_benign,0,4.223,0.284,1.3681350404010277e-06
17,43074462,C,T,Likely_benign,0,8.301,0.609,2.736262593648587e-06
17,43074463,C,T,Likely_benign,0,1.113,0.558,0.0
17,43074471,C,A,Benign,0,18.32,0.516,0.0022589372488245646
17,43074486,C,G,Benign,0,2.471,0.545,6.5726341803267915e-06
17,43076488,C,A,Pathogenic,1,28.1,0.702,2.737195059362918e-06
17,43076488,C,G,Pathogenic,1,26.9,0.806,0.0
17,43076488,C,T,Pathogenic,1,26.6,0.647,0.0
17,43076515,C,T,Likely_benign,0,1.817,0.205,0.0
17,43076538,C,T,Likely_benign,0,0.118,0.023,0.0
17,43076540,C,A,Pathogenic,1,32.0,0.071,0.0
17,43076541,A,G,Likely_benign,0,0.853,0.013,0.0
17,43076544,C,T,Likely_benign,0,4.966,0.024,0.0
17,43076547,G,A,Likely_benign,0,6.482,0.034,0.0
17,43076550,A,C,Likely_benign,0,7.695,0.024,0.0
17,43076550,A,G,Likely_benign,0,6.917,0.024,0.0
17,43076550,A,T,Likely_benign,0,4.606,0.013,0.0
17,43076553,A,G,Likely_benign,0,11.01,0.114,0.0
17,43076553,A,T,Likely_benign,0,10.02,0.071,0.0
17,43076556,A,C,Likely_benign,0,7.95,0.083,0.0
17,43076556,A,G,Likely_benign,0,6.864,0.164,0.0
17,43076559,G,A,Likely_benign,0,7.832,0.309,0.0
17,43076562,T,C,Likely_benign,0,6.717,0.031,0.0
17,43076564,C,A,Pathogenic,1,34.0,0.036,0.0
17,43076570,T,G,Benign,0,18.8,0.219,0.0
17,43076570,T,G,Benign,0,18.8,0.05,0.0
17,43076571,C,T,Likely_benign,0,5.764,0.038,0.0
17,43076580,A,C,Likely_benign,0,13.07,0.084,0.0
17,43076580,A,T,Likely_benign,0,9.904,0.105,0.0
17,43076583,G,A,Likely_benign,0,3.86,0.012,0.0
17,43076583,G,C,Pathogenic,1,33.0,0.025,0.0
17,43076583,G,T,Pathogenic,1,33.0,0.025,0.0
17,43076592,A,G,Likely_benign,0,14.01,0.048,0.0
17,43076597,T,A,Pathogenic,1,38.0,0.07,0.0
17,43076598,C,T,Likely_benign,0,7.527,0.102,0.0
17,43076602,G,C,Pathogenic,1,37.0,0.139,0.0
17,43076602,G,T,Pathogenic,1,37.0,0.139,0.0
17,43076604,A,C,Likely_benign,0,10.3,0.029,0.0
17,43076604,A,G,Likely_benign,0,7.908,0.032,0.0
17,43076610,T,C,Likely_benign,0,10.87,0.041,2.0532278795494395e-06
17,43079334,C,T,Likely_benign,0,12.99,0.036,3.941197335750601e-05
17,43079334,C,T,Likely_benign,0,12.99,0.086,3.941197335750601e-05
17,43079349,T,C,Likely_benign,0,11.57,0.169,6.569525286102826e-06
17,43079352,G,A,Likely_benign,0,10.38,0.276,2.0769122130745776e-06
17,43079385,C,T,Likely_benign,0,4.982,0.254,6.577822214621183e-06
17,43082405,T,C,Likely_benign,0,15.81,0.044,0.0
17,43082407,T,A,Pathogenic,1,35.0,0.057,0.0
17,43082408,T,C,Likely_benign,0,5.797,0.022,0.0
17,43082411,T,G,Likely_benign,0,7.918,0.026,0.0
17,43082412,G,C,Pathogenic,1,37.0,0.059,0.0
17,43082414,T,C,Likely_benign,0,3.733,0.014,0.0
17,43082423,T,C,Likely_benign,0,2.29,0.034,0.0
17,43082425,C,A,Pathogenic/Likely_pathogenic,1,33.0,0.028,0.0
17,43082426,T,C,Likely_benign,0,0.342,0.04,0.0
17,43082426,T,G,Likely_benign,0,0.274,0.041,0.0
17,43082428,G,C,Likely_benign,0,1.822,0.045,0.0
17,43082428,G,C,Likely_benign,0,1.822,0.232,0.0
17,43082429,A,G,Likely_benign,0,2.214,0.008,0.0
17,43082434,G,C,Benign,0,9.422,0.007,0.0
17,43082434,G,C,Benign,0,9.422,0.291,0.0
17,43082435,C,A,Likely_benign,0,0.469,0.034,0.0
17,43082435,C,G,Likely_benign,0,0.496,0.039,0.0
17,43082435,C,T,Likely_benign,0,0.625,0.034,0.0
17,43082438,G,A,Likely_benign,0,0.279,0.014,0.0
17,43082440,C,T,Likely_pathogenic,1,11.64,0.121,0.0
17,43082444,A,G,Likely_benign,0,0.062,0.014,0.0
17,43082447,G,C,Likely_benign,0,1.004,0.014,0.0
17,43082447,G,T,Likely_benign,0,0.904,0.06,0.0
17,43082450,A,C,Likely_benign,0,2.052,0.008,0.0
17,43082450,A,G,Likely_benign,0,2.366,0.087,0.0
17,43082453,A,C,Likely_benign,0,2.621,0.039,0.0
17,43082453,A,G,Benign,0,2.299,0.058,0.0
17,43082453,A,T,Benign/Likely_benign,0,3.532,0.048,0.0
17,43082456,G,A,Likely_benign,0,0.842,0.028,0.0
17,43082467,T,G,Likely_benign,0,0.086,0.22,0.0
17,43082471,A,C,Likely_benign,0,3.689,0.026,0.0
17,43082471,A,G,Likely_benign,0,3.601,0.026,0.0
17,43082474,G,A,Likely_benign,0,0.887,0.013,0.0
17,43082474,G,T,Pathogenic,1,33.0,0.052,0.0
17,43082480,G,A,Likely_benign,0,2.299,0.027,0.0
17,43082489,C,T,Likely_benign,0,6.081,0.148,0.0
17,43082492,G,A,Likely_benign,0,11.01,0.11,0.0
17,43082495,C,A,Likely_benign,0,7.986,0.169,0.0
17,43082495,C,T,Likely_benign,0,8.25,0.156,0.0
17,43082498,A,G,Likely_benign,0,0.12,0.065,0.0
17,43082501,C,T,Likely_benign,0,9.764,0.033,0.0
17,43082504,T,C,Likely_benign,0,7.718,0.397,0.0
17,43082506,C,G,Benign,0,22.4,0.234,0.0
17,43082510,C,T,Likely_benign,0,6.703,0.011,0.0
17,43082513,A,G,Likely_benign,0,6.216,0.057,0.0
17,43082516,T,C,Likely_benign,0,8.5,0.077,0.0
17,43082522,T,C,Likely_benign,0,4.441,0.026,0.0
17,43082525,A,G,Likely_benign,0,1.491,0.01,0.0
17,43082529,A,G,Likely_pathogenic,1,23.4,0.228,0.0
17,43082529,A,G,Likely_pathogenic,1,23.4,0.118,0.0
17,43082531,T,C,Likely_benign,0,8.356,0.054,0.0
17,43082533,C,A,Pathogenic,1,38.0,0.279,0.0
17,43082534,C,T,Likely_benign,0,9.766,0.027,0.0
17,43082537,C,G,Likely_pathogenic,1,22.7,0.189,0.0
17,43082537,C,G,Likely_pathogenic,1,22.7,0.686,0.0
17,43082543,C,T,Likely_benign,0,10.89,0.284,0.0
17,43082548,T,C,Likely_benign,0,15.98,0.195,0.0
17,43082552,G,A,Likely_benign,0,7.326,0.136,1.3143540606968706e-05
17,43082557,G,A,Benign,0,21.9,0.389,1.314474998685525e-05
17,43082558,T,C,Likely_benign,0,6.84,0.087,0.0
17,43082564,G,C,Likely_benign,0,8.119,0.049,6.840750074564176e-07
17,43082570,C,T,Likely_benign,0,9.32,0.06,0.0
17,43090944,C,G,Likely_pathogenic,1,34.0,0.53,0.0
17,43090944,C,G,Likely_pathogenic,1,34.0,0.112,0.0
17,43090944,C,T,Pathogenic,1,21.7,0.161,1.3735886376747893e-06
17,43090947,A,G,Likely_benign,0,6.854,0.017,0.0
17,43090950,G,A,Likely_benign,0,6.875,0.253,1.3723445133666356e-06
17,43090950,G,C,Likely_benign,0,6.331,0.071,0.0
17,43090959,G,A,Likely_benign,0,1.236,0.074,0.0
17,43090965,C,T,Likely_benign,0,5.662,0.018,0.0
17,43090970,A,G,Likely_benign,0,24.4,0.481,0.0
17,43090971,G,A,Likely_benign,0,6.891,0.131,0.0
17,43090974,T,A,Likely_benign,0,3.562,0.011,0.0
17,43090974,T,C,Likely_benign,0,4.764,0.017,0.0
17,43090977,C,A,Likely_benign,0,2.67,0.094,0.0
17,43090981,G,C,Pathogenic,1,36.0,0.036,0.0
17,43090983,G,A,Likely_benign,0,1.343,0.016,0.0
17,43090983,G,T,Pathogenic,1,25.7,0.007,0.0
17,43090986,G,A,Likely_benign,0,1.297,0.049,0.0
17,43090992,A,G,Likely_benign,0,6.013,0.02,0.0
17,43090995,G,A,Likely_benign,0,2.551,0.031,0.0
17,43090997,C,T,Benign,0,0.688,0.497,0.0
17,43090998,G,A,Likely_benign,0,7.168,0.021,0.0
17,43091001,T,C,Likely_benign,0,2.428,0.021,0.0
17,43091001,T,G,Likely_benign,0,2.028,0.021,0.0
17,43091007,A,G,Likely_benign,0,5.929,0.459,0.0
17,43091010,C,T,Likely_benign,0,0.47,0.039,0.0
17,43091013,A,T,Pathogenic,1,27.1,0.012,0.0
17,43091016,C,A,Likely_benign,0,0.708,0.193,0.0
17,43091016,C,T,Likely_benign,0,0.997,0.156,0.0
17,43091019,A,G,Likely_benign,0,0.243,0.02,0.0
17,43091022,T,C,Likely_benign,0,2.46,0.026,0.0
17,43091025,T,C,Likely_benign,0,6.678,0.01,0.0
17,43091028,T,C,Likely_benign,0,5.768,0.024,0.0
17,43091031,A,G,Likely_benign,0,13.18,0.205,0.0
17,43091439,G,A,Likely_benign,0,4.227,0.182,0.0
17,43091442,T,G,Likely_benign,0,4.359,0.14,0.0
17,43091443,G,C,Pathogenic,1,37.0,0.139,0.0
17,43091443,G,T,Pathogenic,1,37.0,0.195,0.0
17,43091450,T,A,Benign,0,5.279,0.39,0.0
17,43091450,T,G,Benign,0,5.515,0.39,0.0
17,43091451,G,A,Likely_benign,0,8.279,0.024,0.0
17,43091454,T,C,Likely_benign,0,3.907,0.022,0.0
17,43091457,C,T,Likely_benign,0,2.987,0.011,0.0
17,43091459,C,A,Pathogenic,1,37.0,0.038,0.0
17,43091460,T,C,Likely_benign,0,4.495,0.008,0.0
17,43091462,C,A,Pathogenic,1,36.0,0.034,0.0
17,43091463,T,C,Likely_benign,0,2.692,0.034,0.0
17,43091474,C,A,Pathogenic,1,37.0,0.192,0.0
17,43091475,T,C,Likely_benign,0,3.031,0.011,0.0
17,43091477,C,A,Pathogenic,1,36.0,0.061,0.0
17,43091479,A,T,Pathogenic,1,34.0,0.032,0.0
17,43091481,G,A,Likely_benign,0,0.605,0.069,2.0530171139506617e-06
17,43091481,G,C,Likely_benign,0,0.358,0.069,6.84339037983554e-07
17,43091484,C,A,Likely_benign,0,0.193,0.052,0.0
17,43091484,C,T,Likely_benign,0,0.739,0.032,1.3139050572205653e-05
17,43091485,G,A,Benign,0,9.567,0.022,5.912495072920773e-05
17,43091485,G,A,Benign,0,9.567,0.434,5.912495072920773e-05
17,43091489,C,A,Pathogenic,1,35.0,0.106,0.0
17,43091490,T,C,Likely_benign,0,4.994,0.033,6.843811893723814e-07
17,43091492,T,A,Pathogenic,1,35.0,0.037,6.843802526184389e-07
17,43091492,T,C,Benign,0,17.95,0.527,0.004069202698800242
17,43091493,T,C,Likely_benign,0,1.656,0.017,0.0
17,43091495,C,A,Pathogenic,1,35.0,0.06,0.0
17,43091495,C,T,Benign/Likely_benign,0,17.05,0.546,0.0
17,43091496,T,C,Likely_benign,0,0.355,0.03,0.0
17,43091498,C,A,Pathogenic,1,35.0,0.036,0.0
17,43091505,T,C,Likely_benign,0,4.393,0.051,0.0
17,43091505,T,G,Likely_benign,0,4.048,0.019,0.0
17,43091512,A,T,Pathogenic/Likely_pathogenic,1,35.0,0.016,0.0
17,43091514,T,C,Benign/Likely_benign,0,3.341,0.051,0.0
17,43091516,C,A,Pathogenic,1,36.0,0.019,0.0
17,43091517,C,T,Likely_benign,0,5.453,0.016,0.0
17,43091520,G,A,Likely_benign,0,3.418,0.088,0.0
17,43091520,G,C,Likely_benign,0,14.3,0.614,0.0
17,43091520,G,C,Likely_benign,0,14.3,0.048,0.0
17,43091523,A,G,Likely_benign,0,7.367,0.066,0.0
17,43091529,A,G,Likely_benign,0,5.837,0.042,0.0
17,43091535,T,G,Likely_benign,0,3.128,0.007,0.0
17,43091536,C,T,Likely_benign,0,7.738,0.012,0.0
17,43091536,C,T,Likely_benign,0,7.738,0.395,0.0
17,43091537,C,A,Pathogenic,1,36.0,0.093,0.0
17,43091538,C,T,Likely_benign,0,3.821,0.013,0.0
17,43091541,G,A,Likely_benign,0,4.401,0.01,0.0
17,43091550,C,T,Likely_benign,0,1.332,0.049,0.0
17,43091553,A,G,Likely_benign,0,2.771,0.009,0.0
17,43091556,C,T,Likely_benign,0,2.737,0.05,0.0
17,43091565,T,C,Likely_benign,0,3.584,0.014,0.0
17,43091568,G,A,Likely_benign,0,3.856,0.332,0.0
17,43091571,A,C,Likely_benign,0,6.362,0.148,0.0
17,43091571,A,G,Likely_benign,0,6.571,0.038,0.0
17,43091573,A,G,Benign,0,11.16,0.54,0.0
17,43091583,G,A,Likely_benign,0,4.977,0.018,0.0
17,43091586,A,G,Likely_benign,0,8.217,0.015,0.0
17,43091589,A,G,Likely_benign,0,5.571,0.021,0.0
17,43091592,C,T,Likely_benign,0,5.946,0.04,0.0
17,43091595,G,A,Likely_benign,0,5.207,0.022,0.0
17,43091595,G,C,Likely_benign,0,4.81,0.022,0.0
17,43091596,G,C,Likely_benign,0,6.759,0.011,0.0
17,43091596,G,C,Likely_benign,0,6.759,0.449,0.0
17,43091598,G,A,Likely_benign,0,5.357,0.021,0.0
17,43091601,T,C,Likely_benign,0,10.47,0.018,0.0
17,43091601,T,G,Likely_benign,0,9.058,0.04,0.0
17,43091607,T,C,Likely_benign,0,8.717,0.036,0.0
17,43091610,A,G,Likely_benign,0,4.133,0.014,0.0
17,43091613,C,A,Likely_benign,0,16.22,0.445,0.0
17,43091621,C,A,Pathogenic,1,36.0,0.033,0.0
17,43091625,T,C,Likely_benign,0,0.898,0.104,0.0
17,43091628,A,G,Likely_benign,0,10.95,0.027,0.0
17,43091631,G,A,Likely_benign,0,6.355,0.042,0.0
17,43091631,G,T,Pathogenic,1,35.0,0.013,0.0
17,43091634,C,T,Likely_benign,0,8.144,0.029,0.0
17,43091638,G,C,Pathogenic,1,39.0,0.31,0.0
17,43091638,G,T,Pathogenic,1,39.0,0.252,0.0
17,43091640,A,C,Likely_benign,0,6.061,0.046,0.0
17,43091640,A,G,Likely_benign,0,6.103,0.038,0.0
17,43091646,C,T,Likely_benign,0,5.755,0.263,0.0
17,43091649,G,A,Likely_benign,0,8.682,0.027,0.0
17,43091652,A,G,Likely_benign,0,5.511,0.008,0.0
17,43091655,A,G,Likely_benign,0,4.441,0.031,0.0
17,43091655,A,T,Likely_benign,0,13.65,0.053,0.0
17,43091658,A,T,Pathogenic,1,35.0,0.019,0.0
17,43091663,T,A,Pathogenic,1,35.0,0.039,0.0
17,43091664,T,A,Likely_benign,0,0.657,0.008,0.0
17,43091664,T,C,Likely_benign,0,0.149,0.008,0.0
17,43091669,C,A,Pathogenic,1,38.0,0.301,0.0
17,43091673,A,G,Likely_benign,0,4.316,0.03,0.0
17,43091679,G,A,Likely_benign,0,4.348,0.019,0.0
17,43091680,T,C,Likely_benign,0,8.667,0.608,0.0
17,43091680,T,C,Likely_benign,0,8.667,0.033,0.0
17,43091682,A,G,Likely_benign,0,5.395,0.026,0.0
17,43091683,T,C,Likely_benign,0,13.11,0.565,1.313594388324773e-05
17,43091683,T,C,Likely_benign,0,13.11,0.043,1.313594388324773e-05
17,43091685,T,C,Likely_benign,0,2.585,0.013,0.0
17,43091687,C,A,Pathogenic,1,36.0,0.089,0.0
17,43091694,T,G,Likely_benign,0,1.267,0.02,0.0
17,43091697,C,T,Likely_benign,0,3.792,0.032,1.3681069640748791e-06
17,43091702,C,G,Likely_benign,0,0.294,0.603,0.0
17,43091702,C,G,Likely_benign,0,0.294,0.043,0.0
17,43091704,A,G,Likely_benign,0,2.726,0.422,0.0
17,43091704,A,G,Likely_benign,0,2.726,0.035,0.0
17,43091705,A,C,Likely_benign,0,0.316,0.621,0.0
17,43091708,T,C,Benign,0,0.397,0.382,0.0
17,43091713,T,C,Likely_benign,0,17.16,0.524,0.0
17,43091713,T,C,Likely_benign,0,17.16,0.063,0.0
17,43091715,G,A,Likely_benign,0,0.837,0.053,0.0
17,43091721,G,A,Likely_benign,0,1.044,0.044,0.0
17,43091721,G,T,Pathogenic,1,27.1,0.098,0.0
17,43091724,G,A,Likely_benign,0,1.271,0.034,0.0
17,43091727,A,G,Likely_benign,0,0.651,0.014,0.0
17,43091733,G,A,Likely_benign,0,0.434,0.028,0.0
17,43091733,G,C,Likely_benign,0,6.368,0.087,0.0
17,43091733,G,C,Likely_benign,0,6.368,0.806,0.0
17,43091734,C,G,Benign,0,0.635,0.038,0.0
17,43091734,C,G,Benign,0,0.635,0.55,0.0
17,43091739,C,T,Likely_benign,0,0.716,0.035,0.0
17,43091746,G,T,Pathogenic,1,34.0,0.15,0.0
17,43091748,T,A,Likely_benign,0,0.257,0.463,0.0
17,43091748,T,A,Likely_benign,0,0.257,0.011,0.0
17,43091748,T,C,Likely_benign,0,0.322,0.011,0.0
17,43091749,A,C,Pathogenic,1,25.5,0.033,0.0
17,43091749,A,T,Pathogenic,1,25.4,0.064,0.0
17,43091751,T,C,Likely_benign,0,0.129,0.003,0.0
17,43091752,A,C,Pathogenic,1,29.4,0.02,0.0
17,43091757,C,T,Likely_benign,0,2.201,0.042,0.0
17,43091759,C,A,Pathogenic,1,34.0,0.054,0.0
17,43091760,C,T,Likely_benign,0,0.474,0.002,0.0
17,43091763,T,C,Likely_benign,0,1.219,0.026,0.0
17,43091772,A,C,Likely_benign,0,1.492,0.007,0.0
17,43091772,A,T,Likely_benign,0,1.051,0.066,0.0
17,43091773,G,T,Likely_benign,0,19.15,0.152,0.0
17,43091773,G,T,Likely_benign,0,19.15,0.554,0.0
17,43091775,C,G,Likely_benign,0,0.079,0.017,0.0
17,43091775,C,T,Likely_benign,0,0.094,0.017,0.0
17,43091778,A,G,Likely_benign,0,1.593,0.066,0.0
17,43091778,A,T,Pathogenic,1,31.0,0.058,0.0
17,43091781,C,T,Likely_benign,0,0.246,0.026,0.0
17,43091783,C,T,Benign,0,10.72,0.359,0.0
17,43091784,G,A,Likely_benign,0,0.798,0.006,0.0
17,43091784,G,C,Likely_benign,0,0.138,0.015,0.0
17,43091784,G,T,Benign/Likely_benign,0,0.133,0.006,0.0
17,43091787,A,T,Likely_benign,0,1.102,0.011,0.0
17,43091792,C,T,Benign,0,0.35,0.423,0.0
17,43091793,G,A,Likely_benign,0,2.191,0.034,0.0
17,43091793,G,C,Likely_benign,0,0.376,0.034,0.0
17,43091796,G,A,Likely_benign,0,0.56,0.009,0.0
17,43091799,A,G,Likely_benign,0,0.234,0.014,0.0
17,43091802,C,T,Likely_benign,0,0.516,0.009,0.0
17,43091803,C,G,Likely_benign,0,13.35,0.014,0.0
17,43091803,C,G,Likely_benign,0,13.35,0.351,0.0
17,43091805,A,G,Likely_benign,0,1.806,0.041,0.0
17,43091807,T,C,Benign,0,12.09,0.394,8.208630554164648e-06
17,43091808,A,G,Likely_benign,0,2.614,0.031,1.3681013489479301e-06
17,43091809,G,C,Likely_benign,0,13.03,0.05,6.840562896239606e-07
17,43091809,G,C,Likely_benign,0,13.03,0.376,6.840562896239606e-07
17,43091811,C,T,Likely_benign,0,0.244,0.038,0.0
17,43091814,A,G,Likely_benign,0,4.684,0.038,0.0
17,43091814,A,T,Likely_benign,0,4.293,0.024,6.569266344334665e-06
17,43091817,A,C,Likely_benign,0,0.962,0.01,0.0
17,43091817,A,G,Likely_benign,0,1.112,0.01,0.0
17,43091818,G,A,Benign,0,6.581,0.052,0.000256312517251804
17,43091818,G,A,Benign,0,6.581,0.361,0.0
17,43091823,A,C,Benign,0,0.512,0.023,0.0
17,43091823,A,C,Benign,0,0.512,0.371,0.0
17,43091823,A,G,Likely_benign,0,0.361,0.033,0.0
17,43091833,T,C,Likely_benign,0,16.85,0.246,0.0
17,43091864,G,A,Likely_benign,0,25.6,0.449,0.0
17,43091874,C,A,Benign,0,18.37,0.684,0.0
17,43091874,C,G,Benign,0,18.71,0.678,1.9717384160368058e-05
17,43091879,T,A,Likely_benign,0,23.3,0.42,0.0
17,43091891,C,T,Benign,0,23.4,0.562,5.913427422534101e-05
17,43091918,C,G,Likely_benign,0,0.015,0.418,0.0
17,43091923,C,T,Benign,0,0.05,0.415,5.9127281327604555e-05
17,43091927,A,G,Likely_benign,0,1.226,0.155,0.0
17,43091930,C,T,Benign/Likely_benign,0,0.559,0.395,6.57133845021554e-06
17,43091931,C,A,Benign,0,11.76,0.457,9.190452432844051e-05
17,43091931,C,G,Benign/Likely_benign,0,11.94,0.464,0.0011553711629861093
17,43091968,C,A,Likely_benign,0,22.0,0.546,0.0
17,43091981,C,T,Likely_benign,0,0.295,0.333,6.840806230059049e-07
17,43091983,T,C,Benign,0,1.218,0.067,0.31543915497033714
17,43091989,A,G,Likely_benign,0,4.727,0.539,0.0
17,43091990,C,T,Benign,0,3.18,0.376,2.6270507414850718e-05
17,43092004,A,T,Likely_benign,0,23.8,0.767,0.0
17,43092047,C,T,Likely_benign,0,9.6,0.16,0.0
17,43092064,T,G,Likely_benign,0,18.88,0.479,0.0
17,43092068,C,G,Benign,0,17.59,0.518,0.0
17,43092083,G,A,Benign,0,23.5,0.856,0.0
17,43092099,C,A,Likely_benign,0,21.2,0.639,0.0
17,43092113,T,C,Benign,0,10.22,0.069,0.009721675200210056
17,43092115,C,A,Benign,0,9.84,0.505,1.1631200627263808e-05
17,43092157,G,T,Likely_benign,0,19.25,0.515,1.3688129653964083e-06
17,43092159,G,C,Likely_benign,0,4.178,0.44,0.0
17,43092194,A,G,Likely_benign,0,0.86,0.329,0.0
17,43092204,T,G,Benign,0,17.53,0.363,1.3144058885383806e-05
17,43092229,C,T,Benign,0,4.213,0.412,0.0005522827687776141
17,43092235,G,A,Benign,0,20.2,0.338,0.00017744945976497806
17,43092303,T,A,Likely_benign,0,20.4,0.614,0.0
17,43092388,C,A,Benign,0,18.18,0.369,0.0
17,43092391,A,G,Likely_benign,0,12.31,0.508,0.0
17,43092401,T,C,Benign,0,0.431,0.42,0.0
17,43092403,T,C,Likely_benign,0,1.922,0.194,0.0
17,43092412,C,T,Benign,0,14.02,0.376,0.0
17,43092418,T,C,Benign,0,17.09,0.227,0.0
17,43092421,T,A,Likely_benign,0,20.7,0.423,0.0
17,43092448,C,T,Benign,0,10.04,0.325,0.0
17,43092449,G,A,Benign,0,21.1,0.341,0.0
17,43092459,G,C,Likely_benign,0,14.84,0.582,0.0
17,43092473,G,A,Likely_benign,0,13.35,0.27,0.0
17,43092494,C,T,Likely_benign,0,8.957,0.352,0.0
17,43092507,C,T,Benign,0,0.11,0.452,0.0
17,43092509,T,C,Benign,0,0.001,0.435,0.0
17,43092584,G,C,Likely_benign,0,1.226,0.365,0.0
17,43092590,G,C,Likely_benign,0,14.69,0.43,0.0
17,43092596,G,A,Likely_benign,0,15.48,0.289,0.0
17,43092619,T,C,Benign,0,0.02,0.441,0.0
17,43092620,G,T,Likely_benign,0,4.556,0.284,0.0
17,43092629,G,C,Likely_benign,0,0.018,0.249,0.0
17,43092632,T,A,Likely_benign,0,0.258,0.44,0.0
17,43092647,C,T,Benign,0,11.9,0.428,0.0
17,43092652,C,T,Likely_benign,0,6.235,0.503,0.0
17,43092670,A,T,Likely_benign,0,1.861,0.19,0.0
17,43092677,A,G,Likely_benign,0,1.768,0.111,0.0
17,43092697,C,G,Likely_benign,0,9.326,0.391,0.0
17,43092733,C,G,Benign,0,12.56,0.316,0.0
17,43092758,T,G,Benign,0,0.905,0.34,0.0
17,43092773,C,T,Benign,0,0.396,0.394,0.0
17,43092785,T,A,Likely_benign,0,14.76,0.385,0.0
17,43092796,T,C,Likely_benign,0,5.297,0.408,0.0
17,43092806,T,C,Likely_benign,0,18.83,0.31,0.0
17,43092828,A,C,Likely_benign,0,5.003,0.242,0.0
17,43092856,A,G,Likely_benign,0,11.61,0.491,0.0
17,43092862,C,A,Benign,0,0.029,0.349,3.2889111073105916e-05
17,43092893,C,T,Likely_benign,0,6.742,0.331,0.0
17,43092896,C,T,Likely_benign,0,21.4,0.529,6.841938896012108e-07
17,43092919,G,A,Benign,0,16.51,0.14,0.4874271736128464
17,43092934,C,T,Benign,0,26.2,0.735,1.314146790196465e-05
17,43092935,G,A,Benign,0,27.7,0.847,0.00011821728336682824
17,43092947,T,C,Benign,0,24.2,0.808,6.569352655989279e-06
17,43092965,A,G,Benign,0,22.5,0.815,0.0006104364949130292
17,43093006,T,C,Benign,0,18.51,0.407,1.9707281183487928e-05
17,43093009,C,T,Benign/Likely_benign,0,1.087,0.385,5.910320733405133e-05
17,43093010,G,A,Benign,0,16.92,0.355,0.0
17,43093016,G,A,Benign,0,4.9,0.398,0.0
17,43093031,C,T,Likely_benign,0,0.262,0.346,0.0
17,43093036,G,A,Likely_benign,0,3.6,0.398,0.0
17,43093054,G,T,Benign,0,14.9,0.548,0.0
17,43093057,T,A,Likely_benign,0,9.763,0.378,0.0
17,43093073,T,C,Benign,0,7.13,0.237,0.0
17,43093103,T,A,Benign,0,20.5,0.462,0.0
17,43093118,A,G,Likely_benign,0,10.1,0.434,0.0
17,43093119,C,G,Benign,0,2.997,0.433,0.0
17,43093120,T,A,Likely_benign,0,10.06,0.273,0.0
17,43093139,G,C,Likely_benign,0,0.893,0.349,0.0
17,43093180,G,A,Benign,0,24.1,0.632,0.0
17,43093184,T,C,Benign/Likely_benign,0,0.377,0.24,0.0
17,43093216,A,G,Benign,0,20.3,0.639,0.0
17,43093245,T,A,Benign,0,18.46,0.813,0.0
17,43093280,T,C,Likely_benign,0,0.031,0.254,0.0
17,43093286,C,G,Likely_benign,0,18.35,0.428,0.0
17,43093294,T,A,Likely_benign,0,18.37,0.525,0.0
17,43093301,C,T,Likely_benign,0,0.056,0.438,0.0
17,43093324,T,C,Likely_benign,0,3.162,0.281,0.0
17,43093324,T,G,Benign/Likely_benign,0,4.486,0.45,0.0
17,43093351,G,A,Benign,0,8.142,0.364,0.0
17,43093364,T,C,Benign,0,6.669,0.363,0.0
17,43093376,T,C,Benign,0,9.793,0.404,0.0
17,43093448,C,A,Benign,0,16.7,0.483,0.0
17,43093449,G,C,Likely_benign,0,8.032,0.542,0.0
17,43093454,C,A,Benign,0,12.71,0.392,0.0
17,43093454,C,T,Benign,0,7.114,0.126,0.0
17,43093529,G,A,Benign,0,7.588,0.487,0.0
17,43093557,C,T,Benign,0,0.125,0.43,0.0
17,43093568,A,C,Likely_benign,0,8.701,0.44,0.0
17,43093571,T,C,Likely_benign,0,1.208,0.498,0.0
17,43093599,A,C,Likely_benign,0,19.91,0.669,0.0
17,43093604,T,C,Benign,0,21.6,0.655,0.0
17,43093607,C,G,Benign,0,22.5,0.662,6.572979794660111e-06
17,43093630,G,C,Likely_benign,0,21.1,0.47,0.0
17,43093634,G,T,Likely_benign,0,21.1,0.492,0.0
17,43093666,G,A,Benign,0,18.76,0.563,7.231323463672461e-05
17,43093681,G,T,Likely_benign,0,17.36,0.465,0.0
17,43093697,T,C,Benign,0,21.1,0.601,1.3137497044063165e-05
17,43093728,G,T,Likely_benign,0,2.761,0.538,0.0
17,43093731,G,C,Likely_benign,0,1.721,0.579,0.0
17,43093742,C,T,Benign,0,24.4,0.636,0.0
17,43093787,T,C,Likely_benign,0,1.191,0.481,0.0
17,43093828,G,A,Benign,0,15.44,0.407,0.0
17,43093865,T,G,Likely_benign,0,15.35,0.514,0.0
17,43093876,C,A,Likely_benign,0,12.76,0.506,0.0
17,43093883,T,G,Benign,0,18.11,0.361,0.0
17,43093888,A,C,Likely_benign,0,18.18,0.609,0.0
17,43093915,G,A,Benign,0,1.226,0.467,0.0
17,43093946,G,C,Likely_benign,0,18.96,0.594,0.0
17,43093967,C,T,Likely_benign,0,23.7,0.736,0.0
17,43093970,C,G,Likely_benign,0,21.6,0.649,0.0
17,43093997,G,A,Benign,0,25.1,0.716,0.0
17,43094020,C,T,Benign,0,17.38,0.658,0.0
17,43094044,C,T,Benign,0,0.017,0.55,0.0
17,43094045,G,A,Benign,0,4.7,0.57,0.0
17,43094057,T,C,Benign/Likely_benign,0,8.086,0.602,0.0
17,43094063,G,A,Likely_benign,0,9.223,0.496,0.0
17,43094073,A,C,Likely_benign,0,5.594,0.516,0.0
17,43094073,A,T,Benign/Likely_benign,0,5.616,0.516,0.0
17,43094075,A,G,Benign,0,0.019,0.567,0.0
17,43094104,T,C,Benign/Likely_benign,0,12.83,0.576,0.0
17,43094110,A,G,Likely_benign,0,15.84,0.656,0.0
17,43094113,T,A,Benign,0,18.04,0.426,0.0
17,43094113,T,C,Benign,0,12.23,0.371,0.0
17,43094138,A,C,Likely_benign,0,25.1,0.946,0.0
17,43094148,A,T,Benign,0,21.6,0.846,0.0
17,43094157,G,C,Likely_benign,0,18.0,0.694,0.0
17,43094178,T,C,Likely_benign,0,2.909,0.066,0.0
17,43094179,G,C,Pathogenic,1,33.0,0.021,0.0
17,43094179,G,T,Pathogenic,1,33.0,0.124,0.0
17,43094187,G,A,Likely_benign,0,2.411,0.022,0.0
17,43094195,T,G,Likely_benign,0,8.366,0.012,0.0
17,43094196,T,C,Likely_benign,0,6.432,0.016,0.0
17,43094199,A,G,Likely_benign,0,5.85,0.028,0.0
17,43094202,T,C,Likely_benign,0,6.796,0.214,0.0
17,43094205,A,G,Likely_benign,0,5.624,0.078,0.0
17,43094205,A,T,Pathogenic,1,29.2,0.113,0.0
17,43094214,A,G,Likely_benign,0,4.45,0.157,0.0
17,43094215,G,A,Likely_benign,0,7.48,0.525,0.0
17,43094215,G,A,Likely_benign,0,7.48,0.062,0.0
17,43094219,C,A,Pathogenic/Likely_pathogenic,1,21.8,0.087,0.0
17,43094220,A,G,Likely_benign,0,1.872,0.046,0.0
17,43094223,A,G,Likely_benign,0,6.153,0.041,0.0
17,43094226,A,G,Likely_benign,0,2.162,0.025,0.0
17,43094229,A,G,Likely_benign,0,5.864,0.043,0.0
17,43094232,G,A,Likely_benign,0,9.117,0.044,0.0
17,43094238,T,C,Likely_benign,0,5.536,0.018,0.0
17,43094239,A,C,Pathogenic,1,33.0,0.019,0.0
17,43094246,T,C,Likely_benign,0,16.62,0.648,6.840824948762221e-07
17,43094247,T,C,Likely_benign,0,7.551,0.473,0.0
17,43094252,C,A,Pathogenic,1,34.0,0.01,0.0
17,43094253,T,C,Likely_benign,0,7.611,0.045,0.0
17,43094253,T,G,Likely_benign,0,7.215,0.045,6.840853027009056e-07
17,43094254,G,C,Pathogenic,1,35.0,0.208,0.0
17,43094254,G,T,Pathogenic,1,35.0,0.321,0.0
17,43094256,A,T,Likely_benign,0,8.136,0.069,0.0
17,43094262,A,G,Likely_benign,0,1.528,0.005,0.0
17,43094265,A,C,Pathogenic,1,26.7,0.049,0.0
17,43094265,A,G,Likely_benign,0,1.86,0.01,0.0
17,43094268,T,C,Likely_benign,0,1.604,0.063,0.0
17,43094270,C,A,Pathogenic,1,27.9,0.041,0.0
17,43094270,C,T,Likely_benign,0,12.38,0.534,0.0
17,43094270,C,T,Likely_benign,0,12.38,0.023,0.0
17,43094271,A,G,Likely_benign,0,0.86,0.02,0.0
17,43094277,C,T,Likely_benign,0,0.406,0.037,0.0
17,43094279,C,A,Pathogenic,1,25.6,0.045,0.0
17,43094280,A,G,Likely_benign,0,0.335,0.041,0.0
17,43094286,A,C,Likely_benign,0,1.426,0.03,0.0
17,43094289,G,A,Likely_benign,0,4.344,0.037,0.0
17,43094291,C,A,Likely_benign,0,16.51,0.489,0.0
17,43094291,C,A,Likely_benign,0,16.51,0.036,0.0
17,43094294,A,C,Likely_benign,0,0.304,0.602,0.0
17,43094295,T,C,Likely_benign,0,0.303,0.068,0.0
17,43094298,A,C,Benign,0,0.27,0.639,0.0
17,43094298,A,C,Benign,0,0.27,0.051,0.0
17,43094316,T,C,Likely_benign,0,5.726,0.029,0.0
17,43094317,G,C,Pathogenic,1,32.0,0.041,0.0
17,43094317,G,T,Pathogenic,1,32.0,0.065,0.0
17,43094319,T,C,Likely_benign,0,3.715,0.032,0.0
17,43094322,A,G,Likely_benign,0,3.188,0.02,0.0
17,43094323,G,A,Likely_benign,0,7.773,0.52,0.0
17,43094328,C,T,Likely_benign,0,1.049,0.31,0.0
17,43094331,A,G,Likely_benign,0,1.152,0.055,0.0
17,43094334,A,G,Likely_benign,0,4.586,0.027,0.0
17,43094338,G,C,Pathogenic,1,33.0,0.043,0.0
17,43094338,G,T,Pathogenic,1,32.0,0.047,0.0
17,43094340,G,A,Likely_benign,0,4.301,0.018,0.0
17,43094349,A,T,Likely_benign,0,8.423,0.012,0.0
17,43094355,C,T,Likely_benign,0,2.4,0.017,0.0
17,43094358,T,C,Likely_benign,0,5.086,0.041,0.0
17,43094360,C,A,Pathogenic,1,33.0,0.037,0.0
17,43094361,A,G,Likely_benign,0,3.671,0.166,0.0
17,43094362,T,C,Likely_benign,0,16.83,0.583,0.0
17,43094362,T,C,Likely_benign,0,16.83,0.06,0.0
17,43094367,T,C,Likely_benign,0,9.082,0.116,0.0
17,43094370,G,A,Likely_benign,0,8.76,0.147,0.0
17,43094372,A,T,Benign,0,24.0,0.868,0.0
17,43094372,A,T,Benign,0,24.0,0.8,0.0
17,43094376,C,T,Pathogenic,1,37.0,0.183,0.0
17,43094377,C,T,Pathogenic,1,37.0,0.183,0.0
17,43094381,C,A,Pathogenic,1,37.0,0.158,0.0
17,43094382,A,G,Likely_benign,0,5.489,0.576,0.0
17,43094388,T,C,Likely_benign,0,8.435,0.815,0.0
17,43094390,T,A,Pathogenic,1,36.0,0.266,0.0
17,43094394,A,C,Benign/Likely_benign,0,22.2,0.396,0.0014575153958270414
17,43094394,A,C,Benign/Likely_benign,0,22.2,0.819,0.0014575153958270414
17,43094397,G,A,Likely_benign,0,9.808,0.06,0.0
17,43094400,G,A,Likely_benign,0,7.628,0.031,0.0
17,43094401,C,T,Likely_benign,0,19.48,0.317,0.0
17,43094401,C,T,Likely_benign,0,19.48,0.699,0.0
17,43094403,A,G,Likely_benign,0,2.979,0.074,0.0
17,43094404,T,C,Likely_benign,0,21.7,0.486,0.0
17,43094404,T,C,Likely_benign,0,21.7,0.624,0.0
17,43094409,T,C,Likely_benign,0,5.823,0.064,0.0
17,43094415,C,T,Pathogenic,1,35.0,0.056,0.0
17,43094416,C,T,Pathogenic,1,35.0,0.057,0.0
17,43094418,A,G,Likely_benign,0,7.112,0.38,0.0
17,43094424,A,G,Likely_benign,0,2.864,0.031,0.0
17,43094426,C,T,Benign,0,17.66,0.398,0.0
17,43094431,G,C,Likely_benign,0,0.056,0.046,0.0
17,43094431,G,C,Likely_benign,0,0.056,0.615,0.0
17,43094433,A,G,Likely_benign,0,0.633,0.085,0.0
17,43094436,T,C,Likely_benign,0,1.163,0.066,0.0
17,43094439,A,G,Likely_benign,0,1.942,0.017,0.0
17,43094442,A,G,Likely_benign,0,0.428,0.009,0.0
17,43094443,T,C,Likely_benign,0,0.012,0.003,0.0
17,43094443,T,C,Likely_benign,0,0.012,0.78,0.0
17,43094445,C,G,Likely_benign,0,0.854,0.536,0.0
17,43094445,C,G,Likely_benign,0,0.854,0.013,0.0
17,43094448,T,C,Likely_benign,0,0.664,0.033,0.0
17,43094448,T,G,Likely_benign,0,0.597,0.035,0.0
17,43094449,G,C,Pathogenic,1,29.2,0.027,0.0
17,43094451,G,A,Likely_benign,0,0.747,0.094,0.0
17,43094451,G,T,Pathogenic,1,24.4,0.135,0.0
17,43094454,T,C,Likely_benign,0,0.449,0.041,0.0
17,43094457,C,T,Likely_benign,0,0.441,0.117,0.0
17,43094458,A,G,Likely_benign,0,0.379,0.092,0.0
17,43094458,A,G,Likely_benign,0,0.379,0.516,0.0
17,43094460,T,C,Likely_benign,0,0.971,0.037,0.0
17,43094462,T,A,Pathogenic,1,29.8,0.173,0.0
17,43094463,C,T,Likely_benign,0,2.089,0.072,0.0
17,43094464,T,C,Benign,0,19.63,0.417,0.0
17,43094464,T,C,Benign,0,19.63,0.305,0.0
17,43094466,C,T,Likely_benign,0,0.889,0.025,0.0
17,43094467,T,C,Likely_benign,0,18.07,0.475,0.0
17,43094467,T,C,Likely_benign,0,18.07,0.358,0.0
17,43094472,C,T,Pathogenic,1,25.1,0.058,0.0
17,43094473,C,T,Pathogenic,1,21.8,0.126,0.0
17,43094477,C,A,Pathogenic,1,23.6,0.43,0.0
17,43094481,T,C,Likely_benign,0,2.723,0.053,0.0
17,43094487,A,T,Pathogenic,1,25.6,0.061,0.0
17,43094490,C,A,Likely_benign,0,0.158,0.001,0.0
17,43094490,C,T,Likely_benign,0,0.192,0.005,0.0
17,43094493,G,A,Likely_benign,0,1.271,0.251,0.0
17,43094495,G,A,Benign,0,0.266,0.515,0.0
17,43094496,A,G,Likely_benign,0,1.491,0.024,0.0
17,43094502,A,G,Likely_benign,0,1.141,0.023,0.0
17,43094514,C,T,Likely_benign,0,4.339,0.024,0.0
17,43094516,T,A,Likely_pathogenic,1,32.0,0.289,0.0
17,43094517,T,C,Likely_benign,0,3.913,0.186,0.0
17,43094519,T,A,Pathogenic,1,23.3,0.004,2.052320490367776e-06
17,43094522,C,A,Pathogenic,1,34.0,0.075,0.0
17,43094529,G,A,Likely_benign,0,4.248,0.286,0.0
17,43094529,G,T,Likely_benign,0,3.287,0.406,0.0
17,43094530,G,A,Benign,0,12.5,0.452,2.6314750733523676e-05
17,43094530,G,A,Benign,0,12.5,0.294,2.6314750733523676e-05
17,43094530,G,T,Likely_benign,0,18.21,0.406,0.0
17,43094530,G,T,Likely_benign,0,18.21,0.266,0.0
17,43094532,A,G,Likely_benign,0,5.345,0.015,0.0
17,43094532,A,T,Likely_benign,0,4.885,0.015,0.0
17,43094534,T,C,Benign,0,10.51,0.506,1.3145095564844756e-05
17,43094535,C,A,Likely_benign,0,5.398,0.043,0.0
17,43094538,C,T,Likely_benign,0,6.798,0.025,6.840731356270762e-07
17,43094541,A,G,Likely_benign,0,5.986,0.029,0.0
17,43094544,A,G,Likely_benign,0,3.727,0.045,1.6417598023321197e-05
17,43094547,A,G,Likely_benign,0,5.892,0.032,0.0
17,43094550,T,A,Likely_benign,0,5.143,0.059,0.0
17,43094550,T,C,Benign,0,5.865,0.05,0.000656288556952721
17,43094550,T,G,Likely_benign,0,5.232,0.054,0.0
17,43094556,C,T,Likely_benign,0,6.407,0.037,6.5714248163286764e-06
17,43094562,T,A,Likely_benign,0,6.708,0.01,3.4202861274562783e-06
17,43094562,T,C,Likely_benign,0,6.853,0.112,0.0
17,43094562,T,G,Likely_benign,0,6.556,0.014,0.0
17,43094568,C,T,Pathogenic,1,36.0,0.041,0.0
17,43094569,C,T,Pathogenic,1,35.0,0.022,2.0521632536911577e-06
17,43094574,G,A,Likely_benign,0,10.54,0.022,0.0
17,43094577,A,C,Likely_benign,0,5.938,0.488,0.0
17,43094577,A,C,Likely_benign,0,5.938,0.04,6.840525461803874e-07
17,43094578,T,A,Likely_pathogenic,1,18.84,0.586,0.0
17,43094578,T,A,Likely_pathogenic,1,18.84,0.067,0.0
17,43094580,T,C,Likely_benign,0,2.918,0.099,2.052160446112319e-06
17,43094583,G,A,Likely_benign,0,12.41,0.035,0.0
17,43094585,T,C,Benign,0,23.2,0.751,6.570043230884459e-05
17,43094586,C,T,Likely_benign,0,7.481,0.015,0.0
17,43094595,G,A,Likely_benign,0,8.68,0.203,0.0
17,43094595,G,C,Likely_benign,0,8.1,0.203,0.0
17,43094598,A,G,Likely_benign,0,10.44,0.323,0.0
17,43094601,C,T,Likely_benign,0,8.251,0.036,0.0
17,43094604,T,C,Likely_benign,0,7.536,0.128,4.104315277082324e-06
17,43094613,A,G,Likely_benign,0,9.434,0.106,0.0
17,43094616,A,G,Likely_benign,0,10.57,0.056,6.840534820374396e-07
17,43094619,G,A,Likely_benign,0,8.331,0.338,0.0
17,43094630,T,G,Likely_benign,0,23.1,0.329,0.0
17,43094630,T,G,Likely_benign,0,23.1,0.714,0.0
17,43094640,C,A,Benign,0,19.55,0.591,0.0
17,43094640,C,T,Benign,0,19.71,0.593,1.9715051784869355e-05
17,43094643,T,C,Likely_benign,0,9.202,0.056,0.0
17,43094646,G,A,Likely_benign,0,12.73,0.25,0.0
17,43094652,A,C,Likely_benign,0,8.04,0.12,1.3150973172014729e-05
17,43094655,G,A,Likely_benign,0,10.9,0.182,6.840609689860438e-07
17,43094661,T,C,Likely_benign,0,9.39,0.053,0.0
17,43094662,A,C,Pathogenic,1,36.0,0.051,0.0
17,43094662,A,T,Pathogenic,1,36.0,0.044,0.0
17,43094667,G,A,Likely_benign,0,11.83,0.015,0.0
17,43094673,C,T,Likely_benign,0,7.781,0.019,1.3681911965105651e-06
17,43094675,C,A,Pathogenic,1,34.0,0.394,0.0
17,43094682,T,C,Likely_benign,0,8.436,0.228,0.0
17,43094683,A,C,Pathogenic,1,36.0,0.262,0.0
17,43094683,A,T,Pathogenic,1,36.0,0.023,0.0
17,43094685,T,A,Likely_benign,0,6.829,0.021,0.0
17,43094686,G,T,Pathogenic,1,35.0,0.077,0.0
17,43094688,G,A,Likely_benign,0,12.23,0.02,0.0
17,43094691,G,C,Likely_benign,0,13.03,0.254,0.0
17,43094692,G,C,Benign,0,24.9,0.643,0.0
17,43094692,G,C,Benign,0,24.9,0.692,0.0
17,43094694,A,G,Likely_benign,0,7.382,0.05,0.0
17,43094697,A,C,Likely_benign,0,9.486,0.134,0.0
17,43094697,A,T,Likely_benign,0,8.982,0.067,0.0
17,43094700,A,G,Likely_benign,0,7.211,0.044,0.0
17,43094703,T,C,Likely_benign,0,7.736,0.245,0.0
17,43094704,G,C,Benign,0,19.05,0.526,0.0
17,43094704,G,C,Benign,0,19.05,0.708,0.0
17,43094706,G,A,Likely_benign,0,10.31,0.051,0.0
17,43094707,C,T,Benign,0,21.3,0.164,0.0
17,43094707,C,T,Benign,0,21.3,0.691,0.0
17,43094708,C,T,Benign,0,24.8,0.657,0.0
17,43094709,A,T,Pathogenic,1,36.0,0.124,0.0
17,43094712,T,A,Likely_benign,0,8.7,0.288,0.0
17,43094712,T,C,Likely_benign,0,8.39,0.033,6.849896840553581e-07
17,43094717,C,A,Pathogenic,1,36.0,0.319,0.0
17,43094718,C,A,Likely_benign,0,12.57,0.087,0.0
17,43094720,C,T,Benign,0,19.09,0.279,3.941663381947182e-05
17,43094720,C,T,Benign,0,19.09,0.559,3.941663381947182e-05
17,43094721,A,G,Likely_benign,0,6.814,0.289,6.574449061168674e-06
17,43094724,C,T,Benign,0,7.209,0.029,0.00021684276927929347
17,43094725,A,T,Pathogenic,1,33.0,0.061,0.0
17,43094727,G,A,Benign/Likely_benign,0,10.66,0.256,6.576610940849961e-06
17,43094731,G,C,Pathogenic,1,36.0,0.041,0.0
17,43094731,G,T,Pathogenic,1,36.0,0.074,0.0
17,43094736,A,G,Benign,0,9.311,0.182,0.0
17,43094741,T,A,Likely_benign,0,19.29,0.44,0.0
17,43094742,A,G,Likely_benign,0,7.341,0.054,0.0
17,43094743,C,G,Likely_benign,0,18.74,0.514,0.0
17,43094743,C,G,Likely_benign,0,18.74,0.043,0.0
17,43094744,C,A,Likely_benign,0,23.1,0.529,0.0
17,43094744,C,A,Likely_benign,0,23.1,0.033,0.0
17,43094745,C,T,Likely_benign,0,18.0,0.058,2.056343820686819e-06
17,43094748,A,C,Pathogenic,1,35.0,0.047,0.0
17,43094753,T,A,Pathogenic,1,35.0,0.095,0.0
17,43094760,A,G,Likely_benign,0,8.558,0.207,0.0
17,43094763,C,T,Likely_benign,0,7.423,0.25,6.577562618396127e-06
17,43094765,T,G,Likely_benign,0,8.645,0.018,2.055780168573974e-06
17,43094766,C,T,Benign/Likely_benign,0,7.614,0.311,0.0009265100141933449
17,43094769,A,G,Likely_benign,0,8.721,0.04,0.0
17,43094772,T,A,Likely_benign,0,8.885,0.052,0.0
17,43094772,T,G,Likely_benign,0,9.156,0.079,0.0
17,43094775,A,G,Likely_benign,0,8.843,0.033,0.0
17,43094781,C,T,Likely_benign,0,7.213,0.104,0.0
17,43094784,A,C,Likely_benign,0,5.162,0.018,0.0
17,43094787,G,A,Likely_benign,0,2.76,0.017,0.0
17,43094787,G,C,Likely_benign,0,2.878,0.017,0.0
17,43094788,G,T,Likely_benign,0,18.41,0.034,0.0
17,43094788,G,T,Likely_benign,0,18.41,0.504,0.0
17,43094790,G,A,Likely_benign,0,2.008,0.042,0.0
17,43094792,T,C,Likely_benign,0,13.13,0.421,0.0
17,43094795,A,C,Benign,0,7.817,0.016,0.0
17,43094795,A,C,Benign,0,7.817,0.555,0.0
17,43094796,A,G,Likely_benign,0,1.329,0.025,0.0
17,43094799,A,G,Likely_benign,0,0.555,0.105,0.0
17,43094808,G,A,Likely_benign,0,5.865,0.162,0.0
17,43094808,G,C,Likely_benign,0,4.732,0.164,0.0
17,43094808,G,T,Likely_benign,0,4.547,0.203,0.0
17,43094814,A,G,Likely_benign,0,2.271,0.01,0.0
17,43094815,T,C,Benign,0,1.25,0.6,0.0
17,43094815,T,C,Benign,0,1.25,0.041,0.0
17,43094820,T,C,Likely_benign,0,4.18,0.023,0.0
17,43094823,A,G,Likely_benign,0,5.638,0.015,0.0
17,43094826,A,G,Likely_benign,0,1.789,0.013,0.0
17,43094829,T,C,Likely_benign,0,5.113,0.014,0.0
17,43094835,A,G,Likely_benign,0,1.48,0.008,0.0
17,43094838,C,A,Likely_benign,0,2.894,0.021,0.0
17,43094838,C,T,Likely_benign,0,7.194,0.013,0.0
17,43094845,G,T,Likely_benign,0,20.4,0.075,0.0
17,43094845,G,T,Likely_benign,0,20.4,0.647,0.0
17,43094853,A,G,Likely_benign,0,6.695,0.089,0.0
17,43094853,A,T,Pathogenic,1,34.0,0.083,0.0
17,43094856,A,C,Likely_benign,0,6.296,0.029,0.0
17,43095864,A,C,Benign,0,4.675,0.648,0.0
17,43095875,T,C,Benign,0,9.438,0.584,0.0
17,43097266,C,T,Benign,0,12.71,0.532,0.0
17,43097280,G,T,Benign,0,28.4,0.776,0.0
17,43099779,T,C,Likely_benign,0,6.091,0.031,0.0
17,43099781,C,A,Pathogenic,1,35.0,0.365,0.0
17,43099782,A,G,Likely_benign,0,8.299,0.043,0.0
17,43099785,G,A,Likely_benign,0,6.92,0.116,0.0
17,43099785,G,T,Likely_benign,0,36.0,0.082,0.0
17,43099786,T,A,Likely_benign,0,22.4,0.08,0.0
17,43099786,T,A,Likely_benign,0,22.4,0.699,0.0
17,43099786,T,C,Benign,0,23.5,0.154,0.0003479197027584124
17,43099786,T,C,Benign,0,23.5,0.754,0.0003479197027584124
17,43099788,G,A,Likely_benign,0,6.298,0.044,0.0
17,43099788,G,T,Likely_benign,0,5.473,0.095,0.0
17,43099794,C,A,Likely_benign,0,1.989,0.011,0.0
17,43099794,C,G,Likely_benign,0,2.52,0.047,0.0
17,43099794,C,T,Likely_benign,0,6.64,0.035,0.00021677439697304114
17,43099797,C,T,Likely_benign,0,0.527,0.011,0.0
17,43099800,T,C,Likely_benign,0,0.633,0.072,1.9711683772027807e-05
17,43099803,A,C,Likely_benign,0,6.149,0.025,0.0
17,43099803,A,T,Likely_benign,0,6.266,0.029,0.0
17,43099806,T,C,Likely_benign,0,0.541,0.011,0.0
17,43099811,T,C,Likely_benign,0,0.227,0.547,0.0
17,43099812,C,G,Likely_benign,0,4.144,0.034,0.0
17,43099812,C,T,Likely_benign,0,4.408,0.039,0.0
17,43099814,G,A,Benign,0,19.03,0.482,0.0
17,43099814,G,T,Likely_benign,0,5.375,0.059,0.0
17,43099815,C,T,Likely_benign,0,1.706,0.014,0.0
17,43099818,C,T,Likely_benign,0,7.066,0.012,0.0
17,43099820,T,A,Pathogenic,1,35.0,0.319,0.0
17,43099821,T,C,Likely_benign,0,10.32,0.06,0.0
17,43099824,C,T,Likely_benign,0,12.04,0.304,0.0
17,43099830,A,C,Likely_benign,0,6.69,0.024,0.0
17,43099839,A,G,Likely_benign,0,10.25,0.24,0.0
17,43099839,A,T,Likely_benign,0,11.11,0.015,0.0
17,43099842,T,C,Likely_benign,0,11.25,0.015,0.0
17,43099845,A,G,Likely_benign,0,9.096,0.382,0.0
17,43099848,G,A,Likely_benign,0,6.216,0.114,0.0
17,43099851,A,G,Likely_benign,0,8.676,0.067,0.0
17,43099854,G,A,Likely_benign,0,2.728,0.035,0.0
17,43099854,G,C,Likely_benign,0,2.928,0.023,0.0
17,43099857,T,C,Likely_benign,0,1.257,0.022,0.0
17,43099859,G,C,Benign,0,15.7,0.469,0.0
17,43099863,A,G,Likely_benign,0,5.79,0.078,0.0
17,43099865,T,G,Likely_benign,0,16.85,0.631,0.0
17,43099866,G,A,Likely_benign,0,1.841,0.007,0.0
17,43099872,G,A,Likely_benign,0,6.774,0.016,0.0
17,43099872,G,T,Likely_benign,0,4.03,0.024,0.0
17,43099877,C,A,Pathogenic,1,36.0,0.039,0.0
17,43104125,G,A,Likely_benign,0,6.979,0.273,0.0
17,43104125,G,C,Likely_benign,0,7.583,0.314,0.0
17,43104131,A,G,Likely_benign,0,6.395,0.021,0.0
17,43104136,C,T,Benign,0,18.4,0.519,0.0
17,43104137,G,A,Likely_benign,0,4.827,0.176,0.0
17,43104137,G,C,Likely_benign,0,0.987,0.173,0.0
17,43104138,G,T,Benign,0,16.89,0.564,0.0
17,43104138,G,T,Benign,0,16.89,0.167,0.0
17,43104143,A,G,Likely_benign,0,4.176,0.012,0.0
17,43104149,T,C,Likely_benign,0,3.873,0.023,0.0
17,43104149,T,G,Likely_benign,0,3.137,0.023,0.0
17,43104150,A,C,Likely_benign,0,5.632,0.517,0.0
17,43104150,A,C,Likely_benign,0,5.632,0.038,0.0
17,43104152,A,G,Likely_benign,0,7.985,0.153,0.0
17,43104155,T,C,Likely_benign,0,8.404,0.016,0.0
17,43104158,T,C,Likely_benign,0,9.31,0.171,0.0
17,43104161,G,A,Likely_benign,0,9.576,0.026,0.0
17,43104164,A,G,Likely_benign,0,3.742,0.022,0.0
17,43104166,G,A,Benign,0,25.8,0.735,0.0
17,43104167,G,T,Benign,0,13.79,0.661,0.0
17,43104167,G,T,Benign,0,13.79,0.196,0.0
17,43104173,G,A,Likely_benign,0,7.243,0.077,0.0
17,43104173,G,C,Pathogenic,1,33.0,0.325,0.0
17,43104173,G,T,Pathogenic,1,33.0,0.27,0.0
17,43104176,G,A,Likely_benign,0,11.74,0.118,0.0
17,43104176,G,T,Likely_benign,0,10.36,0.208,0.0
17,43104182,A,G,Likely_benign,0,8.786,0.331,0.0
17,43104185,T,C,Likely_benign,0,6.615,0.211,6.5696979252893955e-06
17,43104188,G,A,Likely_benign,0,6.931,0.098,6.571856680949502e-06
17,43104191,G,A,Likely_benign,0,7.031,0.038,6.570993008463439e-06
17,43104193,T,C,Benign,0,14.07,0.552,6.569180034948038e-06
17,43104194,A,T,Likely_benign,0,7.255,0.025,4.789285137616687e-06
17,43104197,A,C,Likely_benign,0,5.494,0.054,5.252514641384563e-05
17,43104200,T,C,Likely_benign,0,4.256,0.053,1.3685488318751446e-06
17,43104212,A,G,Likely_benign,0,4.693,0.009,0.0
17,43104215,T,C,Likely_benign,0,6.799,0.043,1.9710647691883155e-05
17,43104221,A,G,Likely_benign,0,10.34,0.036,0.0
17,43104224,G,A,Likely_benign,0,5.544,0.018,0.0
17,43104227,A,G,Likely_benign,0,8.561,0.017,0.0
17,43104230,T,C,Likely_benign,0,9.172,0.359,0.0
17,43104232,C,A,Pathogenic,1,35.0,0.032,0.0
17,43104233,C,T,Likely_benign,0,8.696,0.029,0.0
17,43104235,T,A,Pathogenic,1,36.0,0.394,0.0
17,43104236,T,C,Likely_benign,0,8.861,0.392,0.0
17,43104239,T,C,Likely_benign,0,7.391,0.028,0.0
17,43104241,C,A,Likely_benign,0,12.63,0.522,0.0
17,43104241,C,A,Likely_benign,0,12.63,0.024,0.0
17,43104248,A,C,Likely_pathogenic,1,22.8,0.055,0.0
17,43104248,A,G,Likely_benign,0,0.553,0.058,0.0
17,43104248,A,T,Pathogenic,1,22.8,0.055,0.0
17,43104249,T,C,Benign,0,19.17,0.045,0.0
17,43104249,T,C,Benign,0,19.17,0.632,0.0
17,43104251,G,A,Likely_benign,0,10.5,0.077,0.0
17,43104254,G,A,Likely_benign,0,9.276,0.011,0.0
17,43104257,T,C,Likely_benign,0,11.43,0.032,0.0
17,43104258,G,C,Benign,0,20.3,0.606,0.0
17,43104258,G,C,Benign,0,20.3,0.05,0.0
17,43104260,A,C,Pathogenic,1,36.0,0.061,0.0
17,43104260,A,G,Likely_benign,0,14.38,0.721,0.0
17,43104260,A,T,Pathogenic,1,37.0,0.169,0.0
17,43104869,C,T,Likely_benign,0,9.724,0.039,0.0
17,43104878,T,C,Likely_benign,0,4.909,0.026,0.0
17,43104878,T,G,Likely_benign,0,5.83,0.152,0.0
17,43104880,T,A,Likely_benign,0,21.6,0.63,0.0
17,43104881,G,A,Likely_benign,0,8.352,0.315,0.0
17,43104882,T,A,Pathogenic/Likely_pathogenic,1,25.9,0.848,0.0
17,43104882,T,A,Pathogenic/Likely_pathogenic,1,25.9,0.234,0.0
17,43104882,T,C,Pathogenic/Likely_pathogenic,1,25.8,0.809,0.0
17,43104882,T,C,Pathogenic/Likely_pathogenic,1,25.8,0.228,0.0
17,43104882,T,G,Likely_pathogenic,1,24.0,0.835,0.0
17,43104882,T,G,Likely_pathogenic,1,24.0,0.577,0.0
17,43104883,C,T,Likely_pathogenic,1,26.9,0.594,0.0
17,43104885,A,G,Likely_pathogenic,1,25.5,0.76,0.0
17,43104886,G,T,Likely_benign,0,24.6,0.617,0.0
17,43104886,G,T,Likely_benign,0,24.6,0.263,0.0
17,43104887,C,A,Benign/Likely_benign,0,20.9,0.596,2.0526181829129115e-06
17,43104887,C,A,Benign/Likely_benign,0,20.9,0.056,2.0526181829129115e-06
17,43104901,T,C,Likely_benign,0,19.97,0.614,0.0
17,43104940,T,C,Likely_benign,0,23.2,0.577,0.0
17,43104946,C,T,Likely_benign,0,24.0,0.617,0.0
17,43106456,C,A,Pathogenic/Likely_pathogenic,1,34.0,0.781,0.0
17,43106456,C,G,Pathogenic,1,32.0,0.771,0.0
17,43106456,C,T,Pathogenic,1,32.0,0.737,0.0
17,43106457,T,A,Likely_pathogenic,1,33.0,0.846,0.0
17,43106457,T,C,Pathogenic,1,29.6,0.866,0.0
17,43106469,C,A,Benign,0,18.03,0.658,0.0
17,43106471,T,C,Likely_benign,0,19.17,0.485,0.0
17,43106476,A,C,Pathogenic/Likely_pathogenic,1,26.3,0.937,0.0
17,43106477,C,G,Pathogenic/Likely_pathogenic,1,28.5,0.922,0.0
17,43106477,C,T,Pathogenic,1,29.1,0.954,0.0
17,43106478,A,C,Pathogenic,1,27.0,0.947,0.0
17,43106478,A,G,Pathogenic,1,26.5,0.938,0.0
17,43106478,A,T,Likely_pathogenic,1,26.2,0.926,0.0
17,43106486,C,T,Pathogenic,1,32.0,0.96,0.0
17,43106487,A,C,Pathogenic,1,24.5,0.948,0.0
17,43106487,A,G,Pathogenic/Likely_pathogenic,1,29.0,0.956,0.0
17,43106487,A,T,Pathogenic,1,24.6,0.917,0.0
17,43106488,C,G,Likely_benign,0,16.65,0.561,0.0
17,43106493,A,C,Likely_benign,0,21.4,0.556,0.0
17,43106524,C,A,Likely_benign,0,23.3,0.532,0.0
17,43106528,C,A,Pathogenic/Likely_pathogenic,1,24.8,0.917,0.0
17,43106528,C,T,Pathogenic,1,24.9,0.919,0.0
17,43106529,A,C,Likely_pathogenic,1,26.9,0.94,0.0
17,43106529,A,G,Pathogenic/Likely_pathogenic,1,27.2,0.938,0.0
17,43106529,A,T,Pathogenic,1,25.4,0.916,0.0
17,43115727,T,G,Benign,0,25.7,0.573,0.0
17,43115728,G,C,Likely_pathogenic,1,33.0,0.933,0.0
17,43115729,C,A,Pathogenic,1,27.9,0.933,0.0
17,43115729,C,G,Pathogenic,1,27.2,0.925,0.0
17,43115729,C,T,Pathogenic,1,28.5,0.853,0.0
17,43115730,A,G,Pathogenic,1,28.1,0.951,0.0
17,43115730,A,T,Pathogenic,1,27.2,0.952,0.0
17,43115738,T,A,Likely_pathogenic,1,26.7,0.957,0.0
17,43115738,T,C,Pathogenic,1,25.5,0.964,0.0
17,43115739,G,A,Pathogenic/Likely_pathogenic,1,27.0,0.902,0.0
17,43115739,G,C,Likely_pathogenic,1,28.2,0.927,0.0
17,43115739,G,T,Likely_pathogenic,1,27.0,0.865,0.0
17,43115741,T,C,Likely_benign,0,24.7,0.668,0.0
17,43115743,A,C,Pathogenic,1,24.8,0.926,0.0
17,43115744,C,A,Pathogenic/Likely_pathogenic,1,28.5,0.941,0.0
17,43115744,C,T,Pathogenic,1,28.7,0.932,0.0
17,43115745,A,C,Pathogenic/Likely_pathogenic,1,27.4,0.94,0.0
17,43115745,A,G,Pathogenic,1,27.5,0.934,0.0
17,43115745,A,T,Pathogenic/Likely_pathogenic,1,24.3,0.924,0.0
17,43115750,G,C,Pathogenic/Likely_pathogenic,1,27.3,0.802,0.0
17,43115750,G,T,Pathogenic,1,27.9,0.823,0.0
17,43115751,T,C,Likely_pathogenic,1,24.5,0.738,0.0
17,43115756,A,G,Likely_pathogenic,1,25.5,0.701,0.0
17,43115759,G,A,Likely_pathogenic,1,25.2,0.837,0.0
17,43115759,G,C,Likely_pathogenic,1,27.5,0.85,0.0
17,43115760,G,A,Likely_pathogenic,1,27.3,0.847,0.0
17,43115761,T,G,Likely_benign,0,23.6,0.588,0.0
17,43115763,C,T,Likely_benign,0,26.6,0.645,0.0
17,43115779,A,C,Likely_pathogenic,1,23.9,0.929,0.0
17,43124017,C,A,Likely_pathogenic,1,34.0,0.957,0.0
17,43124017,C,T,Likely_pathogenic,1,34.0,0.953,0.0
17,43124018,A,C,Likely_pathogenic,1,30.0,0.953,0.0
17,43124018,A,G,Likely_pathogenic,1,29.4,0.946,0.0
17,43124019,G,C,Likely_benign,0,23.1,0.618,0.0
17,43124020,A,T,Pathogenic,1,28.0,0.807,0.0
17,43124023,G,A,Likely_pathogenic,1,25.3,0.844,0.0
17,43124025,A,C,Pathogenic,1,25.9,0.886,0.0
17,43124026,C,G,Likely_pathogenic,1,27.3,0.951,0.0
17,43124026,C,T,Pathogenic/Likely_pathogenic,1,28.1,0.946,0.0
17,43124027,A,C,Pathogenic/Likely_pathogenic,1,27.7,0.947,0.0
17,43124027,A,G,Pathogenic/Likely_pathogenic,1,28.0,0.94,0.0
17,43124027,A,T,Pathogenic/Likely_pathogenic,1,26.4,0.944,0.0
17,43124032,A,G,Pathogenic,1,26.5,0.793,0.0
17,43124036,T,G,Likely_benign,0,17.84,0.587,0.0
17,43124044,A,C,Likely_pathogenic,1,25.9,0.805,0.0
17,43124044,A,G,Pathogenic,1,23.3,0.77,4.789966798687276e-06
17,43124044,A,T,Pathogenic/Likely_pathogenic,1,25.3,0.774,0.0
17,43124045,T,G,Likely_benign,0,22.4,0.602,0.0
17,43124051,T,C,Likely_benign,0,21.0,0.474,0.0
17,43124057,C,T,Likely_benign,0,22.5,0.581,0.0
17,43124058,A,T,Likely_benign,0,20.9,0.551,0.0
17,43124062,T,A,Likely_benign,0,23.0,0.668,0.0
17,43124065,A,C,Likely_pathogenic,1,25.7,0.753,0.0
17,43124066,C,T,Likely_benign,0,23.5,0.613,0.0
17,43124077,C,A,Likely_benign,0,0.16,0.594,0.0
17,43124088,T,G,Likely_benign,0,12.07,0.51,0.0
17,43124093,C,T,Likely_benign,0,24.6,0.534,0.0
17,43124094,C,A,Pathogenic,1,24.4,0.696,0.0
17,43124094,C,G,Pathogenic,1,24.4,0.696,0.0
17,43124094,C,T,Pathogenic/Likely_pathogenic,1,24.6,0.696,0.0
17,43124095,A,C,Pathogenic,1,24.5,0.73,0.0
17,43124095,A,G,Pathogenic,1,24.0,0.714,0.0
17,43124095,A,T,Pathogenic,1,24.4,0.723,0.0
17,43124096,T,C,Pathogenic/Likely_pathogenic,1,23.6,0.696,2.056067592536749e-06
